<beans xmlns="http://www.springframework.org/schema/beans"
	xmlns:xsi="http://www.w3.org/2001/XMLSchema-instance" xmlns:context="http://www.springframework.org/schema/context"
	xmlns:tx="http://www.springframework.org/schema/tx"
	xsi:schemaLocation="http://www.springframework.org/schema/beans
        http://www.springframework.org/schema/beans/spring-beans-2.5.xsd
        http://www.springframework.org/schema/context
        http://www.springframework.org/schema/context/spring-context-2.5.xsd
        http://www.springframework.org/schema/tx
        http://www.springframework.org/schema/tx/spring-tx-2.5.xsd">

	<!-- Annotation support -->
	<context:component-scan base-package="com.hibernate" />
	<!-- Annotation based transaction support -->
	<tx:annotation-driven />
	<!--
		DriverManagerDataSource class is an implementation of the
		SmartDataSource interface that configures a plain old JDBC Driver via
		bean properties, and returns a new connection every time
	-->
	<bean id="dataSource"
		class="org.springframework.jdbc.datasource.DriverManagerDataSource">
		<property name="driverClassName" value="com.mysql.jdbc.Driver" />
		<property name="url" value="jdbc:mysql://localhost:3306/springjdbc" />
		<property name="username" value="root" />
		<property name="password" value="root" />
	</bean>

	<bean id="hibernateTemplate" class="org.springframework.orm.hibernate3.HibernateTemplate">
		<property name="sessionFactory" ref="sessionFactory" />
	</bean>
	<!-- <bean name="hibernateCourseDao"
		class="com.hibernate.HibernateCourseDao">
		<property name="hibernateTemplate" ref="hibernateTemplate" />
	</bean> -->

	<bean id="sessionFactory"
		class="org.springframework.orm.hibernate3.annotation.AnnotationSessionFactoryBean">
		<property name="dataSource" ref="dataSource" />
		<property name="annotatedClasses">
			<list>
				<value>com.Course</value>
			</list>
		</property>
		<property name="hibernateProperties">
			<props>
				<prop key="hibernate.dialect">org.hibernate.dialect.MySQLDialect</prop>
				<prop key="hibernate.show_sql">true</prop>
				<prop key="hibernate.hbm2ddl.auto">update</prop>
			</props>
		</property>
	</bean>

	<bean id="transactionManager"
		class="org.springframework.orm.hibernate3.HibernateTransactionManager">
		<property name="sessionFactory" ref="sessionFactory" />
	</bean>
	<!--
		PersistenceExceptionTranslationPostProcessor bean to translate
		Hibernate exceptions into Spring exceptions
	-->
	<bean
		class="org.springframework.dao.annotation.PersistenceExceptionTranslationPostProcessor" />
</beans>
