<beans xmlns="http://www.springframework.org/schema/beans"
	xmlns:xsi="http://www.w3.org/2001/XMLSchema-instance" xmlns:context="http://www.springframework.org/schema/context"
	xmlns:util="http://www.springframework.org/schema/util" 
	xmlns:p="http://www.springframework.org/schema/p"
	xsi:schemaLocation="http://www.springframework.org/schema/beans
        http://www.springframework.org/schema/beans/spring-beans-2.5.xsd
        http://www.springframework.org/schema/context
        http://www.springframework.org/schema/context/spring-context-2.5.xsd
        http://www.springframework.org/schema/util
        http://www.springframework.org/schema/util/spring-util-2.5.xsd">

	<bean name="sequenceGenerator" class="com.simple1.SequenceGenerator">
		<constructor-arg type="int" index="2" value="77"></constructor-arg>
		<constructor-arg index="1" value="Z"></constructor-arg>
		<constructor-arg index="0" value="555"></constructor-arg>
		<property name="prefix">
			<value>30</value>
		</property>
		<property name="suffix" value="A"/>

	</bean>

	<bean name="sg" class="com.simple1.SequenceGenerator" p:prefix="123" 
	p:initial="100" p:suffix="B"/>


</beans>
