<beans xmlns="http://www.springframework.org/schema/beans"
	xmlns:xsi="http://www.w3.org/2001/XMLSchema-instance" xmlns:context="http://www.springframework.org/schema/context"
	xmlns:util="http://www.springframework.org/schema/util" xmlns:p="http://www.springframework.org/schema/p"
	xsi:schemaLocation="http://www.springframework.org/schema/beans
        http://www.springframework.org/schema/beans/spring-beans-2.5.xsd
        http://www.springframework.org/schema/context
        http://www.springframework.org/schema/context/spring-context-2.5.xsd
        http://www.springframework.org/schema/util
        http://www.springframework.org/schema/util/spring-util-2.5.xsd">

	<bean id="datePrefixGenerator" class="com.simple3.DatePrefixGenerator">
		<property name="pattern" value="yyyyMMdd" />
	</bean>
	
	<bean id="sequenceGenerator" autowire="byName" dependency-check="all" class="com.simple3.SequenceGenerator"
		
	>
		<!--<constructor-arg>
			<ref local="datePrefixGenerator" />
		</constructor-arg>
		-->
		<!-- Spring 2.5
		<constructor-arg ref="datePrefixGenerator" />
		-->
		<property name="prefix" value="A"/>
		<property name="initial" value="100000" />
		<property name="suffix" value="K1" />
		
		<property name="prefixGenerator">
			<!-- <ref bean="datePrefixGenerator" /> -->
				<bean class="com.simple3.DatePrefixGenerator">
				<property name="pattern" value="ddMMyyyy" />
				</bean>
		</property>  
	</bean>

	
		<bean id="sequenceGenerator1" class="com.simple3.SequenceGenerator"
		p:suffix="Z" p:initial="1000000"
		p:prefixGenerator-ref="datePrefixGenerator" />
	
	<!--
		<bean id="sequenceGenerator" class="com.simple3.SequenceGenerator">
		<property name="initial" value="100000" /> <property name="suffix"
		value="T" /> <property name="prefixGenerator"> <bean
		class="com.simple3.DatePrefixGenerator"> <property name="pattern"
		value="yyyyMMdd" /> </bean> </property> </bean>
	-->
	<!--
		<bean id="sequenceGenerator" class="com.simple3.SequenceGenerator">
		<constructor-arg> <bean class="com.simple3.DatePrefixGenerator">
		<property name="pattern" value="yyyyMMdd" /> </bean>
		</constructor-arg> <property name="initial" value="100000" />
		<property name="suffix" value="A" /> </bean>
	-->
</beans>
