<beans xmlns="http://www.springframework.org/schema/beans"
	xmlns:xsi="http://www.w3.org/2001/XMLSchema-instance" xmlns:context="http://www.springframework.org/schema/context"
	xmlns:util="http://www.springframework.org/schema/util"
	xsi:schemaLocation="http://www.springframework.org/schema/beans
        http://www.springframework.org/schema/beans/spring-beans-2.5.xsd
        http://www.springframework.org/schema/context
        http://www.springframework.org/schema/context/spring-context-2.5.xsd
        http://www.springframework.org/schema/util
        http://www.springframework.org/schema/util/spring-util-2.5.xsd">


	<bean name="sequenceGenerator" class="com.simple2.SequenceGenerator">
		<constructor-arg type="java.lang.String" index="0">
			<value>40</value>
		</constructor-arg>
		<constructor-arg type="java.lang.String" index="1">
			<value>C</value>
		</constructor-arg>
		<constructor-arg type="int" index="2">
			<value>66</value>
		</constructor-arg>
	</bean>
	<bean name="sequenceGenerator1" class="com.simple2.SequenceGenerator"> <!-- dependency-check="simple"> -->
		<constructor-arg index="1" value="30" />
		<constructor-arg index="2" value="A" />
		<constructor-arg index="0" type="int" value="11" />
		<property name="prefix" value="50" />
		<property name="suffix" value="Z" />
		<property name="initial" value="99" />
	</bean>


</beans>
