<beans xmlns="http://www.springframework.org/schema/beans"
	xmlns:xsi="http://www.w3.org/2001/XMLSchema-instance" xmlns:context="http://www.springframework.org/schema/context"
	xmlns:util="http://www.springframework.org/schema/util" 
	xmlns:p="http://www.springframework.org/schema/p"
	xsi:schemaLocation="http://www.springframework.org/schema/beans
        http://www.springframework.org/schema/beans/spring-beans-2.5.xsd
        http://www.springframework.org/schema/context
        http://www.springframework.org/schema/context/spring-context-2.5.xsd
        http://www.springframework.org/schema/util
        http://www.springframework.org/schema/util/spring-util-2.5.xsd">
        
        <bean name="helloWorld" class="com.HelloWorld" scope="prototype">
        	<constructor-arg value="Spring constructor injections"/>
         	 <property name="message" value="Spring IOC"></property>        	
        </bean>
       <!--  <bean name="greeting" scope="prototype" class="com.Greeting" destroy-method="clean" init-method="init">
        	<property name="message" value="Hello"/>
        	
        </bean> -->
        </beans>